Name_of_the_video;MG;TMG;MGA;TMGA;DG;MSGO;MAGO;MSGC;MAGC;MHA;TMHA;Thd1;Mhd1;TMhd1;Dhd1;MShd1down;MShd1up;MAhd1down;Thd2;Mhd2;TMhd2;Dhd2;MShd2down;MShd2up;MAhd2down;PCD;stage;stage2;SVL;ind;tweezer;prey;head_position
A_mexicanum_larvae_small_size1_ind1_capture_aq_seq1_dahnie_cropped;0.2022789;0.019;44.42377;0.019;0.038;18.71086;4341.435224;-25.14397;4706.262;124.831963180524;0;0;0.2349792;0.023;0.239;19.15133;-13.03238;3948.854528;0;0.2997277;0.025;0.265;17.6816;-10.91749;3593.370394;0.265;stage57;larvae;2.66;Larva9;no;daphnie;en nage
A_mexicanum_larvae_small_size1_ind1_capture_aq_seq2_dahnie_good_cropped;0.1720862;0.019;25.11477;0.019;0.036;25.45297;3937.639392;-22.20073;5241.50031;152.8439;0.089;0.007;0.1458367;0.026;0.146;14.5623;-7.176735;2938.551356;0.008;0.1851361;0.027;0.139;18.82179;-4.556712;3639.354658;0.153;stage57;larvae;2.66;Larva9;no;daphnie;en nage
A_mexicanum_larvae_small_size1_ind1_capture_aq_seq3_dahnie_cropped;0.1891014;0.019;19.37607;0.017;0.083;25.29466;4585.522644;-16.5314;3320.391288;150.7727;0.04;0.002;0.1748113;0.038;0.164;17.99882;-4.289308;5935.139207;0.012;0.2153161;0.046;0.165;16.05095;-3.861525;4707.769356;0.177;stage57;larvae;2.66;Larva9;no;daphnie;en nage
A_mexicanum_larvae_small_size1_ind1_capture_aq_seq4_dahnie_good_cropped;0.2638402;0.013;39.38115;0.013;0.037;30.95669;9906.742535;-19.58219;4614.957247;159.938;0.016;0.002;0.1691507;0.028;0.138;14.04854;-5.041245;4501.311237;0.001;0.2042817;0.029;0.108;18.2918;-9.095682;3542.948785;0.14;stage57;larvae;2.66;Larva9;no;daphnie;en nage
A_mexicanum_larvae_small_size1_ind1_capture_aq_seq6_dahnie_good_cropped;0.167229;0.015;23.46589;0.015;0.028;23.82549;6869.728379;-19.12584;5478.771501;149.0864;0.006;-0.001;0.1442553;0.021;0.219;8.934087;-3.651427;1957.303824;0.004;0.1981088;0.042;0.167;12.59377;-4.214212;3061.171738;0.218;stage57;larvae;2.66;Larva9;no;daphnie;en nage
A_mexicanum_larvae_small_size1_ind2_capture_aq_seq1_dahnie_good_cropped;0.312852;0.014;60.8789;0.013;0.056;36.37638;16947.3271;-20.60753;4810.815373;153.2392;0.009;0;0.2966609;0.025;0.097;29.24399;-11.33716;4657.517758;0.004;0.3330722;0.02;0.175;33.8288;-9.252797;9525.921739;0.179;stage54;larvae;2.96;Larva2;no;daphnie;en nage
A_mexicanum_larvae_small_size1_ind2_capture_aq_seq2_dahnie_good_cropped;0.3914414;0.026;43.18703;0.026;0.063;33.94632;5132.52214;-27.36548;5074.426463;158.8716;0.109;0.001;0.3224135;0.028;0.145;19.32597;-18.97964;5389.710545;0.007;0.3299231;0.03;0.106;25.32567;-16.25694;5038.663152;0.146;stage54;larvae;2.96;Larva2;no;daphnie;en nage
A_mexicanum_larvae_small_size1_ind2_capture_aq_seq3_dahnie_good_cropped;0.3015394;0.023;46.3426;0.023;0.05;24.54695;5880.521187;-26.94824;6463.577123;169.6039;0.022;0.001;0.2172193;0.026;0.192;19.88789;-5.510866;5081.37538;0.01;0.2240942;0.028;0.155;26.01929;-6.05416;7284.441348;0.193;stage54;larvae;2.96;Larva2;no;daphnie;en nage
A_mexicanum_larvae_small_size1_ind2_capture_aq_seq4_dahnie_average_cropped;0.2397397;0.02;32.26392;0.02;0.039;23.2612;5089.347283;-26.54697;7522.98581;163.5837;0.111;-0.001;0.08262267;0.02;0.154;8.779598;-5.109361;2784.118414;-0.002;0.120136;0.05;0.154;7.257918;-7.53537;1876.185516;0.153;stage54;larvae;2.96;Larva2;no;daphnie;en nage
A_mexicanum_larvae_small_size1_ind2_capture_aq_seq5_vb_good_cropped;0.4711592;0.022;58.59981;0.022;0.085;49.8863;10984.41998;-19.04795;4022.52303;174.6734;0.02;0.007;0.2358536;0.027;0.203;18.98168;-8.698548;4919.117291;0.003;0.281222;0.039;0.225;16.83441;-4.898024;3067.323836;0.228;stage54;larvae;2.96;Larva2;no;vb_vivant;en l'air
A_mexicanum_larvae_small_size1_ind2_capture_aq_seq6_daphnie_good_cropped;0.262483;0.017;40.24675;0.018;0.062;30.40447;5251.253926;-24.68477;4760.300936;145.3511;0.219;0.005;0.2750192;0.029;0.214;24.75334;-13.63516;4640.580048;0.005;0.261828;0.027;0.142;31.81152;-13.5664;6423.109451;0.219;stage54;larvae;2.96;Larva2;no;daphnie;en nage
A_mexicanum_larvae_small_size1_ind3_capture_aq_seq1_daphnie_good_cropped;0.3256121;0.02;59.72939;0.02;0.052;27.29842;3933.843537;-31.31411;6595.217154;150.1387;0.02;0.002;0.2602866;0.033;0.334;23.58402;-11.47919;4324.283704;0.004;0.3190349;0.026;0.27;27.48457;-8.62825;5563.528324;0.336;stage53;larvae;2.6;Larva1;no;daphnie;en nage
A_mexicanum_larvae_small_size1_ind3_capture_aq_seq2_daphnie_average_cropped;0.381544;0.019;64.28434;0.018;0.046;32.9361;8612.835934;-23.36993;3150.322317;172.3302;0.272;0.002;0.1928048;0.031;0.278;15.81989;-10.47431;3221.252227;0;0.2306473;0.029;0.297;18.68325;-4.422914;4245.996042;0.297;stage53;larvae;2.6;Larva1;no;daphnie;en nage
A_mexicanum_larvae_small_size1_ind3_capture_aq_seq3_daphnie_cropped;0.1903;0.018;74.85531;0.023;0.066;23.13784;6140.826311;-7.747314;1357.624957;150.1653;0.039;-0.004;0.152382;0.032;0.216;7.77929;-3.318861;1521.204867;-0.007;0.1856183;0.042;0.272;8.276022;-4.134945;1570.28684;0.265;stage53;larvae;2.6;Larva1;no;daphnie;en nage
A_mexicanum_larvae_small_size1_ind3_capture_aq_seq4_daphnie_cropped;0.1870079;0.03;23.70572;0.029;0.074;28.2266;7642.559835;-13.09071;3633.673562; 159.9053;0.156;-0.006;0.1104128;0.021;0.174;10.22688;-4.812323;2683.72574;0.005;0.1077732;0.052;0.161;9.553897;-6.063657;3576.944295;0.168;stage53;larvae;2.6;Larva1;no;daphnie;en nage
A_mexicanum_larvae_small_size2_ind1_capture_aq_seq1_vb_good_cropped;0.5147099;0.029;52.12786;0.031;0.092;44.87556;8146.741107;-25.92749;6439.862634;148.7847;0.041;0.001;0.3250756;0.049;0.192;12.35512;-9.472247;1824.744267;0.005;0.2196083;0.048;0.244;13.65144;-12.65544;4285.15481;0.249;stage57;larvae;3.98;Larva10;yes;vb_vivant;au sol
A_mexicanum_larvae_small_size2_ind1_capture_aq_seq2_vb_good_cropped;0.3131431;0.019;49.23525;0.023;0.053;30.05661;5089.067518;-31.05364;11004.15018;138.3628;0.012;0.005;0.1728002;0.054;0.126;14.08301;-17.59113;2729.77809;0.009;0.1955848;0.053;0.15;16.96348;-18.76448;8718.484233;0.159;stage57;larvae;3.98;Larva10;no;vb_vivant;au sol
A_mexicanum_larvae_small_size2_ind1_capture_aq_seq3_vb_average_cropped;0.4056651;0.023;34.30258;0.025;0.077;30.09496;3918.233893;-20.58516;3071.731325;159.8005;0.013;0.004;0.3284678;0.125;0.299;8.736724;-2.360186;1872.908402;0.017;0.2048211;0.042;0.372;17.82799;-8.203258;3235.939472;0.389;stage57;larvae;3.98;Larva10;no;vdt;au sol
A_mexicanum_larvae_small_size2_ind1_capture_aq_seq4_vdt_good_cropped;0.5958133;0.02;66.59001;0.019;0.079;57.10466;14507.86155;-17.25743;3993.741615;170.3308;0.024;0.004;0.2631796;0.031;0.258;17.76745;-6.73304;2216.216214;-0.001;0.2860083;0.031;0.224;19.35281;-8.538336;2729.684526;0.262;stage57;larvae;3.98;Larva10;yes;vdt;en l'air
A_mexicanum_larvae_small_size2_ind1_capture_aq_seq5_vdt_good_cropped;0.3508797;0.022;59.36448;0.024;0.063;33.10278;6261.582498;-7.410591;1118.500753;134.8349;0.296;0.004;0.2684194;0.048;0.356;13.44561;-3.09348;1729.447515;0.002;0.3726792;0.042;0.339;23.92827;-4.155646;3684.536764;0.36;stage57;larvae;3.98;Larva10;yes;vdt;en l'air
A_mexicanum_larvae_small_size2_ind1_capture_aq_seq6_vb_cropped;0.4160085;0.031;39.05114;0.03;0.151;34.43394;5117.770646;-28.92053;4611.025073;164.8063;0.031;0.004;0.2032057;0.035;0.207;12.33868;-7.229592;1929.535291;0;0.2580457;0.045;0.198;12.83118;-7.863556;2522.618983;0.211;stage57;larvae;3.98;Larva10;yes;vdt;en l'air
A_mexicanum_larvae_small_size2_ind1_capture_aq_seq7_vb_good_cropped;0.22318;0.017;20.77533;0.017;0.043;31.77643;6436.555755;-14.81644;4398.676349;141.3743;0.015;0.003;0.1730904;0.054;0.126;17.52751;-6.549165;10666.37453;0.004;0.09614449;0.026;0.194;14.79549;-15.31278;6364.223901;0.198;stage57;larvae;3.98;Larva10;undet;vb_vivant;au sol
A_mexicanum_larvae_small_size2_ind1_capture_aq_seq8_vb_good_cropped;0.3882268;0.015;38.55648;0.015;0.041;57.9919;17898.59436;-37.93332;10195.65384;159.6919;0.019;0.007;0.1857104;0.033;0.175;19.01618;-8.609233;5867.084;0.001;0.1461461;0.035;0.165;11.90916;-9.829336;7594.374; 0.182;stage57;larvae;3.98;Larva10;no;vb_vivant;au sol
A_mexicanum_larvae_small_size2_ind1_capture_aq_seq9_vb_good_cropped;0.3173457;0.016;35.8039;0.015;0.037;30.49551;21825.02913;-28.20627;9337.22936;156.6099;0.017;0.007;0.2904828;0.05;0.167;13.39904;-20.96419;5437.832573;0.01;0.2525724;0.051;0.093;17.76554;-25.973;4259.511255; 0.174;stage57;larvae;3.98;Larva10;no;vb_vivant;au sol
A_mexicanum_larvae_small_size2_ind2_capture_aq_seq1_vb_average_cropped;0.3698525;0.027;39.41647;0.029;0.057;29.19898;4802.992993;-23.99398;5509.501614;155.0223; 0.025;0.001;0.2701868;0.03;0.107;23.10013;-11.21301;4639.41718;0.013;0.3255316;0.032;0.135;34.1406;-11.38343;4066.155253; 0.148;stage57+;juveniles;4.24;Juvenile1;no;vb_vivant;au sol
A_mexicanum_larvae_small_size2_ind2_capture_aq_seq2_vb_good_cropped;0.4843755;0.02;48.96274;0.019;0.057;36.44663;10441.5127;-54.17017;13131.96123;164.687;0.017;0.002;0.2883004;0.027;0.213;22.47252;-9.629398;8844.756882;0.005;0.2637576;0.028;0.153;17.05478;-14.52359;5119.987051;0.215;stage57+;juveniles;4.24;Juvenile1;no;vb_vivant;au sol
A_mexicanum_larvae_small_size2_ind2_capture_aq_seq4_vb_good_cropped;0.2881616;0.032;36.04212;0.033;0.063;20.82687;3852.882457;-19.20926;8232.966646;150.0772;0.031;0.008;0.2634564;0.058;0.227;16.12903;-10.03809;4944.078299;0.013;0.3048992;0.057;0.192;20.14308;-9.970551;4032.516849; 0.235;stage57+;juveniles;4.24;Juvenile1;no;vb_vivant;au sol
A_mexicanum_larvae_small_size2_ind2_capture_aq_seq5_vb_good_cropped;0.3804393;0.035;35.27449;0.032;0.134;35.07234;5585.114029;-29.12326;3491.381794;150.5029;0.033;0.018;0.2357358;0.044;0.273;14.85166;-4.640381;2266.715706;0.021;0.3527403;0.043;0.228;25.42908;-10.41374;5857.343598;0.291;stage57+;juveniles;4.24;Juvenile1;no;vb_vivant;au sol
A_mexicanum_larvae_small_size2_ind2_capture_aq_seq6_vb_good_cropped;0.300928;0.023;58.14131;0.017;0.041;30.82079;11343.20195;-31.33041;7843.126452;135.684;0.026;-0.003;0.4183926;0.031;0.114;29.06745;-17.76045;6286.237034;-0.003;0.5249435;0.028;0.112;29.521;-25.0462;8378.687838;0.111;stage57+;juveniles;4.24;Juvenile1;no;vb_vivant;au sol
A_mexicanum_larvae_small_size2_ind3_capture_aq_seq3_vb_good_cropped;0.3185454;0.013;49.91208;0.012;0.058;43.60481;14876.29959;-24.49776;7357.89415; 150.0184;0.152;0.003;0.251337;0.036;0.15;25.69906;-8.378717;7512.549883;0.001;0.4092291;0.037;0.149;29.89438;-28.91448;5746.61304;0.153;stage57+;juveniles;3.61;Juvenile2;no;vb_vivant;au sol
A_mexicanum_larvae_small_size2_ind3_capture_aq_seq4_vb_good_cropped;0.2250398;0.026;30.0651;0.026;0.052;23.74531;5311.401222;-33.52063;8945.352695;150.3908;0.025;0.01;0.2022098;0.062;0.22;14.75442;-8.291756;3528.043724;-0.001;0.3004227;0.035;0.247;18.09229;-9.227419;2893.768759;0.246;stage57+;juveniles;3.61;Juvenile2;no;vb_vivant;au sol
A_mexicanum_larvae_small_size2_ind3_capture_aq_seq5_vb_good_cropped;0.408454;0.017;48.28659;0.015;0.055;62.80127;19773.349;-34.71296;9549.050088;162.6124;0.014;0.006;0.2076449;0.034;0.118;18.82081;-14.30245;5435.703207;0.005;0.4999669;0.036;0.137;30.98717;-12.18653;5287.390224;0.142;stage57+;juveniles;3.61;Juvenile2;no;vb_vivant;au sol
A_mexicanum_larvae_small_size2_ind3_capture_aq_seq6_vb_good_cropped;0.2247075;0.02;30.56727;0.021;0.044;19.40629;3320.903939;-22.55785;5573.347711;153.4939;0.02;0.007;0.1400811;0.059;0.14;13.85641;-10.4927;4022.030294;0.006;0.1841799;0.028;0.092;24.01373;-8.830658;8586.650985; 0.147;stage57+;juveniles;3.61;Juvenile2;no;vb_vivant;au sol
A_mexicanum_larvae_small_size2_ind3_capture_aq_seq7_vb_good_cropped;0.2361334;0.017;31.78109;0.018;0.037;28.00195;7126.702035;-30.00684;9542.611499;144.7496;0.017;0.005;0.2793264;0.043;0.131;22.07699;-11.56907;8363.8992;-0.002;0.3499386;0.026;0.118;24.23535;-11.47318;6137.340325; 0.136;stage57+;juveniles;3.61;Juvenile2;no;vb_vivant;au sol
A_mexicanum_larvae_small_size3_ind1_capture_aq_seq1_vdt_average_cropped;0.6583329;0.037;54.4797;0.036;0.111;34.8996;3807.216151;-34.43224;3147.710048;161.903;0.039;0.007;0.3448324;0.039;0.073;18.32471;-10.08999;2003.1528;0.004;0.5049748;0.037;0.072;28.55204;-14.06144;2268.591241;0.08;stage57+;juveniles;4.92;Juvenile3;yes;vdt;au sol
A_mexicanum_larvae_small_size3_ind1_capture_aq_seq2_vdt_good_cropped;0.5100174;0.029;50.82693;0.029;0.09;33.28248;3440.823604;-28.78055;2710.212201;149.9854;0.028;0.002;0.3866839;0.038;0.769;17.60587;-10.30977;1394.825553;0.003;0.3124585;0.04;0.289;14.65901;-10.22265;869.3139241;0.771;stage57+;juveniles;4.92;Juvenile3;no;vdt;au sol
A_mexicanum_larvae_small_size3_ind1_capture_aq_seq3_vb_good_cropped;0.5670346;0.019;45.5012;0.019;0.072;59.86588;18770.98314;-31.13239;4037.421365;168.8268;0.019;0;0.2378307;0.032;0.239;18.75818;-4.838701;3369.619705;0;0.4598792;0.035;0.426;27.31051;-8.806444;8650.383688;0.426;stage57+;juveniles;4.92;Juvenile3;yes;vb_vivant;en l'air
A_mexicanum_larvae_small_size3_ind1_capture_aq_seq4_vb_good_cropped;0.4819279;0.015;41.71525;0.016;0.049;60.04526;27872.75937;-30.93198;7087.291436;150.866;0.177;0.005;0.2126809;0.027;0.107;19.40284;-9.83484;9329.368363;0.004;0.3849323;0.028;0.173;47.21267;-13.50018;7572.010309;0.177;stage57+;juveniles;4.92;Juvenile3;yes;vb_vivant;en l'air
A_mexicanum_larvae_small_size3_ind1_capture_aq_seq5_vb_good_cropped;0.2870266;0.025;46.53759;0.028;0.053;26.20092;4801.577265;-28.93481;3971.404224;139.5384;0.101;-0.004;0.2886017;0.037;0.175;15.19369;-8.371949;2198.143082;0.006;0.3522979;0.044;0.166;23.42594;-7.166687;2577.274465;0.172;stage57+;juveniles;4.92;Juvenile3;no;vb_vivant;au sol
A_mexicanum_larvae_small_size3_ind2_capture_aq_seq1_vdt_cropped;0.21596;0.024;11.51161;0.028;0.147;16.86739;3047.944645;-8.542049;990.5950908;139.7535;0.308;0.001;0.1629475;0.064;0.247;5.483267;-3.159321;811.1452144;-0.001;0.2641988;0.065;0.31;10.75289;-3.954191;1072.22989;0.309;stage57;larvae;5.04;Larva11;yes;vdt;en l'air
A_mexicanum_larvae_small_size3_ind2_capture_aq_seq2_vdt_good_cropped;0.4847476;0.03;32.0972;0.031;0.052;37.34627;6650.709757;-56.31594;10615.09756;149.7918;0.022;0.005;0.3581608;0.039;0.138;19.90775;-8.592449;2614.99;0.015;0.4807046;0.045;0.159;42.62852;-14.19338;6488.535;0.174;stage57;larvae;5.04;Larva11;no;vdt;au sol
A_mexicanum_larvae_small_size3_ind2_capture_aq_seq3a_pince_good_cropped;0.6127579;0.028;82.33755;0.029;0.083;33.83868;14365.57261;-33.46113;3904.866842;134.9462;0.029;0;0.4497485;0.027;0.229;40.95868;-9.141064;6553.401981;0.001;0.5955107;0.026;0.356;57.72386;-6.675929;10652.51;0.357;stage57;larvae;5.04;Larva11;yes;vdt;au sol
A_mexicanum_larvae_small_size3_ind2_capture_aq_seq3b_vdt_good_cropped;0.6042532;0.032;67.9885;0.034;0.108;38.09005;5990.977141;-39.2777;4644.726899;138.7824;0.032;0.002;0.400964;0.038;0.415;27.38381;-7.087517;2673.920321;0.008;0.529549;0.039;0.462;48.45148;-13.55533;7614.259674;0.47;stage57;larvae;5.04;Larva11;yes;vdt;au sol
A_mexicanum_larvae_small_size3_ind2_capture_aq_seq4_vdt_good_cropped;0.567601;0.025;50.28706;0.023;0.087;41.34351;8760.521661;-24.45536;2465.561599;141.5297;0.02;0.003;0.3470574;0.032;0.454;25.24833;-5.407971;2354.128;0.014;0.381334;0.036;0.204;37.68733;-8.632536;6178.298;0.457;stage57;larvae;5.04;Larva11;yes;vdt;au sol
A_mexicanum_larvae_small_size3_ind2_capture_aq_seq5_vdt_cropped;0.5303487;0.038;45.66331;0.038;0.108;47.42489;9242.087928;-17.28704;1955.176258;144.4167;0.039;0.001;0.3021894;0.06;0.412;8.969081;-4.171522;820.2742;0.01;0.3338974;0.074;0.396;17.07389;-4.372097;2588.750605;0.413;stage57;larvae;5.04;Larva11;yes;vdt;en l'air
A_mexicanum_larvae_small_size3_ind3_capture_aq_seq1_vdt_cropped;0.7249981;0.026;53.60931;0.021;0.088;98.21122;53491.06203;-26.67586;9687.850124;159.2795;0.022;0.005;0.1957966;0.03;0.12;23.61971;-5.523598;12476.29711;0.003;0.2839729;0.031;0.095;27.69633;-11.07326;14951.5064;0.125;stage57+;juveniles;4.64;Juvenile4;yes;vdt;en l'air
A_mexicanum_larvae_small_size3_ind3_capture_aq_seq2_vdt_cropped;0.5342481;0.032;37.19812;0.03;0.085;46.09021;12191.64543;-28.12661;5274.13535;162.3853;0.031;-0.001;0.3542058;0.08;0.266;21.06807;-5.029084;9678.857728;0.007;0.3869998;0.053;0.235;32.41844;-7.788606;8842.43562;0.242;stage57+;juveniles;4.64;Juvenile4;yes;vdt;au sol
A_mexicanum_larvae_smallest_size_ind1_capture_aq_seq1_daphnie_cropped;0.2734453;0.018;54.93442;0.019;0.06;35.03533;7227.846397;-22.08585;3881.753184;153.0801;0.021;0.003;0.1115249;0.019;0.167;14.82773;-6.20217;5203.21;-0.002;0.1868421;0.026;0.328;20.64755;-6.517282;3922.722;0.326;stage55;larvae;2.0;Larva3;no;daphnie;en nage
A_mexicanum_larvae_smallest_size_ind1_capture_aq_seq2a_daphnie_good_cropped;0.2295702;0.021;45.18723;0.02;0.053;15.48673;8655.342812;-19.94416;3903.668537;150.3421;0.09;0.003;0.1469855;0.022;0.127;17.62095;-5.736787;4951.581;0;0.2407644;0.02;0.267;21.12287;-5.458903;4607.513;0.267;stage55;larvae;2.0;Larva3;no;daphnie;en nage
A_mexicanum_larvae_smallest_size_ind1_capture_aq_seq2b_daphnie_good_cropped;0.1825218;0.022;41.90899;0.02;0.113;26.04348;5160.999616;-13.38507;2961.095017;145.2467;0.003;0.01;0.1419989;0.024;0.285;15.60362;-5.17487;3539.672;0.008;0.193659;0.026;0.238;15.36902;-4.090487;3957.024;0.295;stage55;larvae;2.0;Larva3;no;daphnie;en nage
A_mexicanum_larvae_smallest_size_ind1_capture_aq_seq3_daphnie_good_cropped;0.271038;0.021;41.15689;0.02;0.047;35.49263;7804.382468;-25.92614;6708.125271;163.5466;0.011;0.004;0.09383015;0.021;0.215;7.597253;-3.814634;1539.068348;0.009;0.1076579;0.031;0.167;10.22956;-3.251053;1738.362965;0.219;stage55;larvae;2.0;Larva3;no;daphnie;en nage
A_mexicanum_larvae_smallest_size_ind1_capture_aq_seq4a_daphnie_cropped;0.1722848;0.021;41.28916;0.021;0.053;16.42456;2342.610962;-14.13317;1936.654013;125.3522;0.24;0;0.1171742;0.029;0.353;8.554125;-2.129446;1198.827253;-0.002;0.212851;0.03;0.356;14.29534;-2.623063;1642.836907;0.354;stage55;larvae;2.0;Larva3;no;daphnie;en nage
A_mexicanum_larvae_smallest_size_ind1_capture_aq_seq4b_daphnie_cropped;0.1344727;0.019;30.98595;0.018;0.043;14.24033;2445.525737;-12.84828;1632.176634;124.171;0.221;0.004;0.1438425;0.043;0.573;13.1241;-1.40949;2113.536;0;0.2196369;0.028;0.386;12.95129;-3.4501;1857.129;0.577;stage55;larvae;2.0;Larva3;no;daphnie;en nage
A_mexicanum_larvae_smallest_size_ind2_capture_aq_seq1_daphnie_good_cropped;0.1920688;0.017;27.99585;0.025;0.051;19.68122;3662.078499;-13.55368;2371.438231;167.2371;0.015;0.005;0.09060211;0.027;0.265;7.045709;-5.562447;1480.987179;0.002;0.1691607;0.022;0.301;16.6333;-5.660988;2966.929;0.303;stage55;larvae;1.86;Larva4;no;daphnie;en nage
A_mexicanum_larvae_smallest_size_ind2_capture_aq_seq2_daphnie_good_cropped;0.1462479;0.018;25.50923;0.017;0.055;14.69968;2608.146012;-12.14635;2498.923783; 147.6309; 0.019;0.001;0.1512545;0.019;0.313;19.16783;-3.910331;2673.353715;0.008;0.1529773;0.023;0.307;19.00254;-5.13099;3824.503987;0.315;stage56;larvae;1.86;Larva4;no;daphnie;en nage
A_mexicanum_larvae_smallest_size_ind2_capture_aq_seq3_daphnie_good_cropped;0.117574;0.02;31.3132093922174;0.02;0.086;3.082937;2978.589651;-3.729335;140.0552241;139.3815;0.017;0;0.1160959;0.038;0.417;4.413209;-1.788535;3936.218124;0;0.1436648;0.042;0.971;5.172808;-1.664132;5110.663;0.971;stage55;larvae;1.86;Larva4;no;daphnie;en nage
A_mexicanum_larvae_smallest_size_ind2_capture_aq_seq5_fail_daphnie_good_cropped;0.1773018;0.016;50.70318;0.016;0.081;21.71485;4011.073059;-13.22086;2686.849491;133.9875;0.05;0;0.1995389;0.019;0.523;21.82528;-5.5915;4177.468744;0;0.168572;0.019;0.236;17.54524;-3.068492;3025.133641;0.523;stage55;larvae;1.86;Larva4;no;daphnie;en nage
A_mexicanum_larvae_smallest_size_ind2_capture_aq_seq6_daphnie_average_cropped;0.1855025;0.015;31.2662;0.015;0.039;24.51961;3831.686536;-19.68141;3133.002635;138.175;0.02;-0.02;0.1112263;0.017;0.469;7.601835;-5.034038;703.9463933;-0.012;0.1224988;0.064;0.344;8.49054;-4.639755;749.3591347;0.449;stage55;larvae;1.86;Larva4;no;daphnie;en nage
A_mexicanum_larvae_smallest_size_ind3_capture_aq_seq1_daphnie_cropped;0.254028;0.025;49.82727;0.025;0.045;26.37888;4685.415776;-26.19289;3564.021162;164.1814;0.128;0.002;0.1609336;0.026;0.341;10.13788;-5.917896;1647.494738;0.008;0.1815931;0.026;0.265;17.948;-7.497788;2628.931855;0.343;stage55;larvae;1.8;Larva5;no;daphnie;en nage
A_mexicanum_larvae_smallest_size_ind3_capture_aq_seq2_daphnie_good_cropped;0.1819439;0.032;35.4239;0.031;0.075;15.91155;2227.278286;-12.46668;2075.633936;162.3454;0.26;0.006;0.1465124;0.037;0.254;12.43748;-2.73436;1530.768652;0.012;0.1607415;0.04;0.168;9.620386;-3.015644;1047.076105;0.26;stage55;larvae;1.8;Larva5;no;daphnie;en nage
A_mexicanum_larvae_smallest_size_ind3_capture_aq_seq3_daphnie_good_cropped;0.2681957;0.016;54.45513;0.016;0.056;32.34958;6870.232904;-19.02942;3672.091256;146.2643;0.017;0.003;0.1811654;0.021;0.319;17.77808;-5.595697;3570.704106;0.002;0.195193;0.022;0.23;20.19117;-5.326193;3707.547907; 0.322;stage55;larvae;1.8;Larva5;no;daphnie;en nage
A_mexicanum_larvae_smallest_size_ind3_capture_aq_seq4_daphnie_good_cropped;0.173026;0.031;39.74073;0.031;0.107;10.84777;1073.552365;-10.08502;910.6075943;156.5596;1.117;0.005;0.1186856;0.038;1.204;7.353409;-3.205889;563.2853424;0.002;0.1744185;0.041;1.236;9.100687;-2.941821;542.5811;1.238;stage55;larvae;1.8;Larva5;no;daphnie;en nage
A_mexicanum_larvae_smallest_size_ind3_capture_aq_seq5_daphnie_cropped;0.232019;0.024;32.59023;0.024;0.052;19.90408;2910.952103;-14.87793;1909.461071;153.328;0.488;0;0.1434047;0.036;0.243;8.213708;-2.170937;2487.902;0.004;0.1569386;0.03;0.484;10.63593;-2.024713;1557.601;0.488;stage55;larvae;1.8;Larva5;no;daphnie;en nage
A_mexicanum_larva_ind1_canibal_seq2_vdt_good_cropped;0.3420817;0.012;30.18983;0.011;0.023;72.23715;26573.97245;-16.10403;3602.099719;150.7284;0.013;0.001;0.04640553;0.037;0.064;7.662731;-5.803483;2923.961116;-0.001;0.1282361;0.014;0.066;15.74567;-5.910838;5794.932292;0.065;stage56;larvae;3.96;Larva6;no;vdt;au sol
A_mexicanum_larva_ind1_canibal_seq5_vdv_good_cropped;0.3362641;0.013;33.67588;0.013;0.025;49.95326;10808.32956;-51.50745;9501.961621;148.1929;0.014;-0.004;0.09919331;0.018;0.099;7.886385;-10.47647;1160.261923;-0.001;0.0750314;0.048;0.16;6.849832;-7.108048;1728.039417;0.159;stage56;larvae;3.96;Larva6;no;vdv_mort;au sol
A_mexicanum_larva_ind1_canibal_seq7_vdv_good_cropped;0.2769069;0.012;25.85781;0.012;0.027;41.0165;17494.80613;-37.05812;12643.88834;153.1417;0.011;0.006;0.05998479;0.041;0.101;7.297864;-2.792882;4489.721679;0.006;0.07905738;0.018;0.102;13.57258;-4.737053;5114.260044;0.108;stage56;larvae;3.96;Larva6;no;vdv_mort;en l'air
A_mexicanum_larva_ind1_canibal_seq8_vdv_good_cropped;0.2063854;0.015;18.2558;0.015;0.035;29.79817;5536.268288;-22.88616;3961.093127;145.8277;0.011;0.001;0.04299866;0.018;0.055;4.334357;-4.440503;994.7389848;-0.003;0.1277327;0.023;0.11;7.999225;-5.849414;1357.263999;0.107;stage56;larvae;3.96;Larva6;yes;vdv _mort;en l'air
A_mexicanum_larva_ind2_seq1_vdv_cropped;0.2678515;0.008;33.68783;0.006;0.02;61.94875;37577.38308;-50.85233;25786.29389;146.8084;0.005;-0.002;0.1502517;0.014;0.114;25.19035;-6.935576;9382.080852;-0.005;0.2723363;0.016;0.117;30.17928;-11.74503;10756.91645;0.112;stage57;larvae;2.97;Larva8;yes;vdv _mort;en l'air
A_mexicanum_larva_ind3_seq1_vdv_cropped;0.1739063;0.007;21.19766;0.006;0.015;50.80701;23433.43588;-50.94756;26307.67545;143.3828;0.008;0;0.1506558;0.011;0.115;35.15774;-14.3437;15869.56407;0.003;0.166493;0.013;0.114;35.92743;-12.59834;19396.58324;0.117;stage56;larvae;3.35;Larva7;yes;vdv _mort;en l'air
A_mexicanum_larva_ind1_cannibal_size4_seq1_vdv_cropped;0.346622;0.018;41.98013;0.017;0.043;37.90479;6368.7631;-26.15767;3248.676586;128.785023241311;0;-0.003;0.4226145;0.024;0.306;25.37657;-13.26202;3192.51156059606;0;0.6045516;0.028;0.353;45.76449;-12.89968;8878.87589414829;0.353;stage57;larvae;6.43;Larva12;no;vdv _mort;au sol
A_mexicanum_larva_ind1_cannibal_size4_seq2_vdv_cropped;0.4130329;0.021;36.45844;0.021;0.039;30.56748;7308.76692;-37.07342;8587.192774;139.3605;0.011;0.004;0.2943044;0.067;0.28;19.41271;-6.317043;3470.36814683512;-0.001;0.5384047;0.034;0.323;30.99574;-11.41544;4132.25426197586;0.322;stage57;larvae;6.43;Larva12;no;vdv _mort;au sol
A_mexicanum_larva_ind1_cannibal_size4_seq5_vdv_cropped;0.5753574;0.031;31.07677;0.03;0.054;49.23514;5691.784382;-48.71574;12829.77529;136.5535;0.023;0.011;0.254341;0.081;0.312;17.50371;-6.190928;3817.77955619261;0.011;0.3468044;0.082;0.33;14.5125;-7.599258;4311.62008908125;0.341;stage57;larvae;6.43;Larva12;no;vdv _mort;au sol
A_mexicanum_larva_ind1_cannibal_size4_seq6_vdv_average_cropped;0.3436311;0.022;38.91242;0.021;0.04;31.69913;4708.793743;-33.28866;4716.918358;138.3404;0.216;0.008;0.3301071;0.032;0.206;21.70066;-8.974359;2542.35093993116;-0.001;0.519578;0.033;0.364;25.76075;-12.27807;3583.66633631626;0.363;stage57;larvae;6.43;Larva12;no;vdv _mort;au sol
A_mexicanum_larva_ind1_cannibal_size4_seq8_vdv_average_cropped;0.5997395;0.024;38.9504;0.024;0.04;44.69251;9489.429207;-69.50165;14395.6951;154.2931;0.014;0.008;0.3579297;0.031;0.207;26.57376;-8.239223;2930.22489039903;0.006;0.5478338;0.033;0.348;36.45656;-12.82892;5839.38786084114;0.354;stage57;larvae;6.43;Larva12;no;vdv _mort;au sol
A_mexicanum_larva_ind1_cannibal_size4_seq10_vdt_cropped;0.8178871;0.024;69.64738;0.024;0.061;63.1026;8551.607494;-61.79291;9562.655478;162.3609;0.021;0.003;0.4802122;0.031;0.342;34.75967;-8.310026;3507.67036413144;0.006;0.7243831;0.034;0.393;41.49718;-15.97318;4835.04297289147;0.399;stage57;larvae;6.43;Larva12;yes;vdt;en l'air
A_mexicanum_larva_ind1_cannibal_size4_seq12_vdt_average_cropped;0.6549037;0.02;42.31449;0.02;0.037;52.39746;7763.07676;-47.9906;10068.08772;143.358124210568;0.012;-0.003;0.8628183;0.069;0.206;43.44311;-7.207472;5854.43190349526;-0.013;1.094147;0.059;0.27;58.26709;-11.68043;8771.50754396737;0.257;stage57;larvae;6.43;Larva12;no;vdt;au sol
A_mexicanum_larva_ind1_cannibal_size4_seq13_vdt_good_cropped;0.6309431;0.03;44.90679;0.03;0.045;88.23852;23153.43389;-72.63071;17000.23763;146.0763;0.029;0.013;0.369971;0.033;0.177;39.06458;-21.03995;7447.87111932392;0.013;0.6039294;0.038;0.318;43.52683;-24.78396;6224.92839036414;0.331;stage57;larvae;6.43;Larva12;no;vdt;au sol
A_mexicanum_larva_ind1_cannibal_size4_seq14_vdt_average_good_cropped;0.7691877;0.021;41.59874;0.02;0.04;63.40615;10840.2776;-73.10273;15555.94696;144.7229;0.017;0.007;0.4254908;0.048;0.326;36.57365;-7.834018;7758.92344071873;0.003;0.5735681;0.034;0.321;38.37986;-19.46737;9440.68268502228;0.333;stage57;larvae;6.43;Larva12;no;vdt;au sol
A_mexicanum_larva_ind1_cannibal_size4_seq15_vdt_pince_good_cropped;1.02097;0.022;58.46412;0.022;0.055;109.995;23421.51308;-83.5597;26016.14912;155.7213;0.019;0.007;0.3956246;0.03;0.234;57.83364;-13.32351;15766.4705415505;0.004;0.7810506;0.032;0.233;69.75363;-20.36762;15492.6310068857; 0.241;stage57;larvae;6.43;Larva12;yes;vdt;en l'air
A_mexicanum_larva_ind1_cannibal_size4_seq16_vdt_average_cropped;0.6469947;0.02;73.61561;0.021;0.035;64.20347;6280.795025;-74.7367;13395.57732;118.0694;0.022;0;0.3076183;0.021;0.263;38.54393;-29.4147;6273.18690684852;0.003;0.3715167;0.023;0.425;39.68518;-9.05235;7096.92542712342;0.428;stage57;larvae;6.43;Larva12;no;vdt;au sol
A_mexicanum_larva_ind1_cannibal_size4_seq17_vdt_pince_cropped;0.9095574;0.029;65.45825;0.029;0.059;54.73433;6834.979182;-54.0111;6104.872977;154.5239;0.026;0.002;0.4449861;0.034;0.202;26.42152;-11.26771;3088.28766211469;0;0.5050691;0.041;0.201;23.20378;-9.387284;1839.69897422662; 0.204;stage57;larvae;6.43;Larva12;undet;vdt;au sol
A_mexicanum_larva_ind1_cannibal_size4_seq18_vdt_pince_cropped;0.5961462;0.018;58.52927;0.017;0.032;59.13987;11772.86972;-67.03843;14590.51875;133.332;0.016;-0.001;0.3037502;0.019;0.331;30.4816;-19.95589;4918.85818425174;0;0.387919;0.022;0.378;31.69118;-7.846371;6106.55689206129;0.378;stage57;larvae;6.43;Larva12;yes;vdt;en l'air
A_mexicanum_larva_ind1_cannibal_size4_seq20_vdt_pince_good_cropped;0.5373811;0.02;40.56767;0.018;0.044;44.22807;9634.081296;-31.54147;3258.416415;144.3656;0.02;0.003;0.1765987;0.101;0.252;11.31728;-2.237317;2817.37693115075;0.009;0.2417289;0.086;0.354;12.96568;-7.986511;3736.23959954518;0.363;stage57;larvae;6.43;Larva12;yes;vdt;en l'air
A_mexicanum_larva_ind2pink_size4_seq1_vdv_cropped;0.3624353;0.03;55.11547;0.03;0.043;26.10143;4229.601918;-42.75745;7975.624127;121.7188;0.007;0.01;0.1666317;0.028;0.134;19.63463;-10.74421;2578.93051868968;0.015;0.2005041;0.042;0.229;20.496;-7.05179;4510.24042476447;0.244;stage57;larvae;4.93;Larva13;no;vdv_mort;au sol
A_mexicanum_larva_ind2pink_size4_seq2_vdv_average_cropped;0.4558675;0.027;39.5864;0.027;0.049;28.87724;11339.06615;-43.7539;11553.1994;158.2953;0.018;0.014;0.1907562;0.04;0.098;17.99584;-8.8019;6971.047085;0.006;0.3463635;0.034;0.152;46.41617;-19.85008;14575.12406;0.158;stage57;larvae;4.93;Larva13;no;vdv_mort;au sol
A_mexicanum_larva_ind2pink_size4_seq3_vdv_average_cropped;0.4647072;0.017;68.18835;0.017;0.038;46.01766;13535.91437;-45.46396;17904.98497;152.13323353024;0.105;0.002;0.2336933;0.017;0.059;24.27532;-20.60124;5032.979742;-0.003;0.3878488;0.018;0.195;39.3179;-21.06801;9325.588729;0.192;stage57;larvae;4.93;Larva13;no;vdv_mort;au sol
A_mexicanum_larva_ind2pink_size4_seq4_vdv_good_cropped;0.3970529;0.026;44.18435;0.026;0.045;31.84659;3984.037218;-58.85506;19148.37122;150.3252;0.022;0.015;0.1500406;0.033;0.175;14.56892;-13.99205;4977.210332;0.012;0.4128246;0.034;0.139;36.15933;-10.43597;5298.065805;0.19;stage57;larvae;4.93;Larva13;no;vdv_mort;au sol
A_mexicanum_larva_ind2pink_size4_seq5_vdv_good_cropped;0.4557357;0.026;45.16737;0.025;0.04;40.28524;4793.276779;-62.41707;13864.20375;123.706;0.387;0.001;0.3395616;0.027;0.397;30.04671;-30.45171;4501.574343;0.005;0.2864072;0.031;0.396;17.93037;-17.70021;1851.561733;0.401;stage57;larvae;4.93;Larva13;no;vdv_mort;au sol
A_mexicanum_larva_ind2pink_size4_seq6_vdv_good_cropped;0.3356733;0.021;36.5513;0.021;0.038;26.05276;4496.407874;-40.70179;11099.35203;152.5245;0.011;0.007;0.2035508;0.027;0.231;14.9761;-14.18855;2339.994417;0.006;0.4241398;0.029;0.312;39.35893;-10.64135;8170.869241;0.318;stage57;larvae;4.93;Larva13;no;vdv_mort;au sol
A_mexicanum_larva_ind2pink_size4_seq11_vdt_good_cropped;0.3137165;0.022;42.13105;0.022;0.038;27.19276;4571.97011;-40.40474;7420.922;135.34222572535;0;-0.001;0.2641535;0.027;0.177;25.37169;-7.648669;3427.733452;0.008;0.4304279;0.03;0.406;38.2682;-8.691837;4124.812788;0.414;stage57;larvae;4.93;Larva13;no;vdt;au sol
A_mexicanum_larva_ind2pink_size4_seq12_vdt_cropped;0.3679926;0.017;31.29358;0.017;0.028;37.54162;7790.991357;-58.662;15319.62724;151.3445;0.008;0.003;0.1785996;0.056;0.324;10.11748;-6.518444;3302.568524;0.012;0.3280659;0.048;0.29;26.75694;-11.67733;3563.318633;0.327;stage57;larvae;4.93;Larva13;no;vdt;au sol
A_mexicanum_larva_ind2pink_size4_seq13_vdt_cropped;0.5318573;0.021;37.65408;0.021;0.064;38.46192;6592.341666;-63.01832;13711.50721;161.5413;0.017;-0.003;0.4331055;0.104;0.451;28.92326;-3.122041;4779.170945;-0.003;0.5325574;0.103;0.402;40.45136;-2.121812;8253.683987;0.448;stage57;larvae;4.93;Larva13;no;vdt;au sol
A_mexicanum_larva_ind2pink_size4_seq14_vdt_cropped;0.4099688;0.019;31.63311;0.015;0.039;74.42014;30783.02689;-47.98803;16470.17712;153.3126;0.021;-0.001;0.1777985;0.038;0.11;17.79614;-10.36263;8278.122393;0.011;0.4699236;0.035;0.108;41.71932;-14.0255;12235.56455;0.119;stage57;larvae;4.93;Larva13;no;vdt;au sol
A_mexicanum_larva_ind2pink_size4_seq15_vdt_average_cropped;0.4568886;0.014;35.65638;0.013;0.027;84.19073;32068.64994;-73.50167;24991.54636;154.7867;0.006;0;0.2675494;0.019;0.156;34.32207;-13.96383;10026.87428;0.003;0.4618422;0.02;0.155;52.66402;-17.30648;17657.3323;0.158;stage57;larvae;4.93;Larva13;no;vdt;au sol
A_mexicanum_larva_ind3pink_size4_seq5_vdv_cropped;0.5667047;0.019;44.83303;0.019;0.048;50.28199;12610.43347;-64.69951;17149.12057;149.2384;0.01;0.007;0.1878519;0.048;0.182;15.55405;-13.11488;5969.146788;0.002;0.3851939;0.029;0.219;28.95826;-14.74282;7906.699706;0.221;stage57;larvae;5.88;Larva14;no;vdv_mort;au sol
A_mexicanum_larva_ind3pink_size4_seq6_vdv_cropped;0.3027022;0.028;33.54554;0.028;0.043;34.20846;9658.983905;-42.96902;8757.475307;147.2704;0.105;0.003;0.1920146;0.04;0.14;15.78575;-13.58656;5876.205418;0.008;0.3781555;0.039;0.197;28.18062;-18.44936;9651.058663;0.205;stage57;larvae;5.88;Larva14;no;vdv_mort;au sol
A_mexicanum_larva_ind3pink_size4_seq7_vdv_cropped;0.4952029;0.038;46.56945;0.039;0.064;23.52006;2844.630347;-34.49455;5523.971612;150.8114;0.134;-0.018;0.1308158;0.045;0.156;5.296665;-8.619497;2137.229196;-0.016;0.25583;0.112;0.352;8.539775;-7.492873;1346.452061;0.336;stage57;larvae;5.88;Larva14;no;vdv_mort;au sol
A_mexicanum_larva_ind3pink_size4_seq8_vdv_cropped;0.4794328;0.051;35.03924;0.052;0.117;19.11932;4866.694283;-21.59974;5857.965402;137.5736;0.107;0.003;0.2028234;0.152;0.219;8.65993;-7.441803;4462.23005;0.031;0.2662118;0.162;0.191;10.07176;-5.629389;2998.538584;0.222;stage57;larvae;5.88;Larva14;no;vdv_mort;au sol
A_mexicanum_larva_ind3pink_size4_seq9_vdv_average_cropped;0.3018614;0.031;21.41732;0.03;0.066;22.02812;11871.85147;-24.41803;5904.28455;156.3682;0.015;-0.006;0.1327256;0.09;0.239;6.806709;-8.382338;3018.217716;-0.003;0.2114071;0.04;0.171;7.812124;-4.376433;3169.561161;0.233;stage57;larvae;5.88;Larva14;no;vdv_mort;au sol
A_mexicanum_larva_ind3pink_size4_seq10_vdt_average_cropped;0.6395714;0.016;40.91136;0.015;0.042;83.78947;24865.21502;-79.69901;28675.42119;152.3259;0.013;0.007;0.3165691;0.041;0.23;32.51503;-8.584769;11809.37486;0.007;0.5992037;0.032;0.186;61.62184;-17.38435;12672.80515; 0.237;stage57;larvae;5.88;Larva14;no;vdt;au sol
A_mexicanum_larva_ind3pink_size4_seq14_vdt_cropped;0.5951677;0.016;35.80413;0.016;0.042;78.84984;37949.4422;-76.75934;30858.53638;149.3228;0.007;0.001;0.2687873;0.048;0.221;26.92615;-11.128;8052.683298;-0.002;0.4082894;0.029;0.175;24.8957;-17.54467;8395.404008;0.222;stage57;larvae;5.88;Larva14;no;vdt;au sol
A_mexicanum_larva_ind3pink_size4_seq15_vdt_cropped;0.6542936;0.017;36.3896;0.017;0.05;72.33595;17188.372;-62.56623;9936.433876;150.8681;0.247;0.003;0.2306407;0.02;0.167;35.09713;-24.70555;7977.926375;0.003;0.370793;0.023;0.179;42.14371;-13.95892;9579.528078;0.182;stage57;larvae;5.88;Larva14;no;vdt;au sol
A_mexicanum_larva_ind3pink_size4_seq16_vdt-pince_good_cropped;0.5718879;0.016;52.43179;0.016;0.035;56.32288;7807.509301;-56.81007;10979.22873;146.3713;0.015;0.001;0.2482771;0.022;0.318;26.3838;-13.44808;6052.696342;-0.001;0.3383312;0.025;0.368;23.09879;-15.27436;4040.607622;0.367;stage57;larvae;5.88;Larva14;yes;vdt;en l'air
A_mexicanum_larva_ind4gold_size4_seq1_vdv_good_cropped;0.3966258;0.019;37.3877;0.019;0.029;52.46869;15731.32463;-72.01586;26709.33729;151.1189;0.009;-0.001;0.3238125;0.023;0.183;32.55839;-12.26405;7293.79;0.001;0.4707254;0.023;0.175;44.32434;-14.26895;9567.953223;0.182;stage57;larvae;5.44;Larva15;no;vdv_mort;au sol
A_mexicanum_larva_ind4gold_size4_seq2_vdv_good_cropped;0.1866095;0.019;24.42837;0.019;0.069;23.93604;5412.493353;-28.57391;13520.67986;149.8311;0.009;0.001;0.2178058;0.055;0.252;20.58666;-9.206687;4679.179485;0.005;0.3007644;0.044;0.223;37.71503;-13.68617;10525.79643; 0.253;stage57;larvae;5.44;Larva15;no;vdv_mort;au sol
A_mexicanum_larva_ind4gold_size4_seq3_vdv_good_cropped;0.4333133;0.016;33.72227;0.015;0.068;57.91127;12686.6023;-64.73349;12739.57536;151.7268;0.171;0.003;0.2806685;0.033;0.265;31.85574;-11.53375;7447.316979;0.003;0.4281873;0.042;0.218;42.48852;-15.74361;5606.032157;0.268;stage57;larvae;5.44;Larva15;no;vdv_mort;au sol
A_mexicanum_larva_ind4gold_size4_seq4_vdv_cropped;0.3618739;0.016;24.23498;0.015;0.084;38.90054;11134.09159;-32.77842;10813.90226;158.428;0.016;0.001;0.2307478;0.052;0.243;16.69559;-7.851898;5992.165378;0.007;0.2238734;0.051;0.235;16.02969;-9.712917;4954.401466;0.244;stage57;larvae;5.44;Larva15;no;vdv_mort;au sol
A_mexicanum_larva_ind4gold_size4_seq6_vdv_cropped;0.348439;0.023;28.05676;0.023;0.047;29.37776;4103.482812;-23.33599;4221.830695;152.5001;0.024;0;0.145214;0.035;0.469;10.09328;-10.04578;1509.139267;0.005;0.2418162;0.036;0.266;16.50241;-5.568211;1680.417213;0.469;stage57;larvae;5.44;Larva15;no;vdv mort;au sol
A_mexicanum_larva_ind4gold_size4_seq7_vdt_good_cropped;0.6163975;0.012;56.83813;0.01;0.073;92.33467;88919.00468;-63.40241;12876.71034;141.508;0.008;0;0.2902927;0.019;0.243;28.4133;-11.80903;9359.057312;0;0.4221449;0.022;0.229;31.53755;-13.57799;5464.689303;0.243;stage57;larvae;5.44;Larva15;yes;vdt;en l'air
A_mexicanum_larva_ind5gold_size4_seq1_vdv_cropped;0.5608713;0.02;35.93338;0.02;0.049;65.68401;25392.04367;-73.06435;21629.94726;147.5023;0.03;-0.001;0.1868476;0.023;0.202;19.33601;-11.42831;7538.511739;0.01;0.3466496;0.065;0.174;17.70119;-12.67302;7091.76324; 0.201;stage57;larvae;5.52;Larva16;no;vdv mort;au sol
A_mexicanum_larva_ind5gold_size4_seq2_vdv_cropped;0.5146864;0.027;51.07566;0.026;0.044;37.01036;5835.697995;-55.20225;16524.05654;119.2728;0.327;0.007;0.3333853;0.057;0.315;16.01327;-7.588663;6700.606897;0.006;0.5846068;0.053;0.327;38.52209;-12.78538;4647.705649;0.333;stage57;larvae;5.52;Larva16;no;vdv mort;au sol
A_mexicanum_larva_ind5gold_size4_seq3_vdv_cropped;0.2174756;0.034; 26.27294;0.036;0.058;20.0856;5360.574;-13.26688;2087.27;120.2699; 0.112;0;0.148508;0.082;0.243;5.143434;-7.444131;2092.641251;0;0.2218546;0.082;0.264;7.697485;-5.850625;2054.932985;0.264;stage57;larvae;5.52;Larva16;no;vdv mort;au sol
A_mexicanum_larva_ind5gold_size4_seq4_vdv_cropped;0.4269591;0.021;31.5167;0.022;0.055;41.57452;6036.33648;-34.6644;9366.391139;143.0038;0.014;0.005;0.2500292;0.085;0.341;17.93419;-11.01368;3302.485901;0.011;0.3581249;0.085;0.272;21.00237;-10.79098;2307.863011;0.346;stage57;larvae;5.52;Larva16;no;vdv mort;au sol
A_mexicanum_larva_ind5gold_size4_seq6_vdt_cropped;0.8687732;0.032;51.54921;0.033;0.09;80.53011;29446.79532;-49.53728;8912.465781;156.1474;0.016;0;0.5877275;0.038;0.28;34.74706;-7.647249;6786.194114;0;0.6669196;0.039;0.233;33.70948;-13.01014;6212.82586; 0.28;stage57;larvae;5.52;Larva16;yes;vdt;en l'air
A_mexicanum_f3_lepetit_average_cropped;0.9361213;0.02;24.79641;0.016;0.044;117.6166;36689.34478;-98.98832;24603.44502;167.4283;0.022;0.009;0.6641401;0.035;0.121;57.13852;-33.76527;23484.4747;-0.001;0.6585555;0.034;0.151;64.77888;-46.83956;28348.76151;0.15;adults;adults;12.86666667;Adult2;no;vdt;au sol
A_mexicanum_f4_lepetit_vdt_average_cropped;0.9193504;0.013;24.96263;0.013;0.04;157.3239;51282.49632;-58.55481;17658.91118;152.8105;0.011;0.01;0.5636984;0.071;0.284;41.48987;-12.29356;14482.6503;0;0.5007508;0.071;0.199;24.50428;-13.04404;6285.748794;0.294;adults;adults;12.86666667;Adult2;no;vdt;au sol
A_mexicanum_f8_lepetit_vdt_good_cropped;0.9088269;0.022;34.25142;0.023;0.319;67.95763;8561.595587;-34.94757;5307.685618;137.2787;0.03;0.013;0.4482518;0.12;0.319;28.47556;-4.362324;8317.391733;0.002;0.7071313;0.1;0.389;19.23413;-6.527656;3990.920201;0.391;adults;adults;12.86666667;Adult2;yes;vdt;en l'air
A_mexicanum_f9_vdt_lagrosse_good_cropped;1.276449;0.014;49.93083;0.014;0.038;188.061;39383.02419;-92.80119;17194.44051;147.8477;0.011;0.005;0.5879786;0.026;0.298;68.89685;-44.51342;15417.82273;0.001;0.7148897;0.027;0.319;47.27805;-31.64312;7553.390524; 0.32;adults;adults;14.62;Adult3;yes;vdt;au sol
A_mexicanum_f10_vdt_lagrosse_good_cropped;1.384466;0.014;58.39703;0.013;0.036;168.7743;62927.2932;-145.4036;41005.6821;142.9062;0.019;-0.001;0.9055393;0.019;0.127;93.44191;-54.30551;14995.43525;-0.001;0.5674387;0.023;0.128;73.46509;-18.81407;17691.20062;0.127;adults;adults;14.62;Adult3;yes;vdt;en l'air
A_mexicanum_f11_vdt_lagrosse_good_cropped;1.283251;0.016;49.08928;0.017;0.038;178.9874;45860.50935;-120.0159;25928.25641;143.994;0.023;0.009;0.5864928;0.063;0.291;70.58996;-10.25593;15357.22834;0.002;0.6908133;0.025;0.233;47.33027;-21.51128;7584.20169;0.3;adults;adults;14.62;Adult3;yes;vdt;en l'air
A_mexicanum_indusa1_pd_capture_aq_seq1_vdt_cropped;0.9273074;0.036;57.92899;0.035;0.093;58.73078;6527.105709;-36.66853;5510.204919;149.5905;0.025;0.007;0.7180668;0.087;0.523;25.42973;-11.07169;3477.632782;0.015;0.9480629;0.094;0.511;45.82129;-9.851344;4047.313278;0.526;adults;adults;10.613333;Adult4;no;vdt;au sol
A_mexicanum_indusa1_pd_capture_aq_seq2_vdt_cropped;0.9105125;0.025;35.22936;0.025;0.061;67.42176;10523.28878;-61.87698;7760.68412;148.1201;0.031;0.009;0.4409159;0.033;0.27;38.06143;-18.80033;5589.220538;0.001;0.6802047;0.049;0.286;38.4662;-13.98426;5186.399384;0.287;adults;adults;10.613333;Adult4;yes;vdt;en l'air
A_mexicanum_indusa1_pd_capture_aq_seq3_vdt_good_cropped;0.7469623;0.031;28.6246;0.031;0.071;46.86961;4158.888243;-28.58602;2055.992398;146.3002;0.085;0.01;0.5358903;0.042;0.321;30.55407;-7.823219;2772.342;0.015;0.3780469;0.046;0.504;20.19113;-5.715211;2121.356589;0.519;adults;adults;10.613333;Adult4;yes;vdt;en l'air
A_mexicanum_indusa1_pd_capture_aq_seq4_vdt_good_cropped;1.315662;0.042;63.52862;0.042;0.114;74.88031;10736.44563;-47.22554;3006.6678;159.3677;0.046;0.006;0.4227655;0.044;0.353;23.33043;-15.70522;3553.348;0.007;0.6676077;0.037;0.352;57.45319;-10.68418;14043.22503;0.359;adults;adults;10.613333;Adult4;no;vdt;au sol
A_mexicanum_indusa1_pd_capture_aq_seq5_vdt_good_cropped;0.5486038;0.029;27.86387;0.03;0.109;35.31355;3037.497982;-21.39866;1670.055009;150.3478;0.028;-0.009;0.3356533;0.055;0.421;19.67318;-3.967951;1859.416499;0.006;0.5648803;0.054;0.313;20.63485;-9.507533;1265.645259; 0.412;adults;adults;10.613333;Adult4;yes;vdt;en l'air
A_mexicanum_indusa2_pd_capture_aq_seq1_vdt_good_cropped;1.8719;0.045;75.86891;0.049;0.097;90.67002;9926.995855;-60.78033;4459.004391;179.8427;0.045;0.006;0.6679201;0.033;0.392;47.63617;-16.10662;7446.169039;0.011;0.8044549;0.064;0.387;57.26964;-15.1357;10190.48158;0.398;adults;adults;12.435;Adult5;yes;vdt;en l'air
A_mexicanum_indusa2_pd_capture_aq_seq2_vdt_cropped;1.803301;0.047;98.86181;0.047;0.119;78.15319;11948.14117;-61.41072;4206.017062;159.3655;0.05;0.01;0.654696;0.044;0.217;51.71452;-21.83592;6578.121519;-0.002;0.7677737;0.046;0.334;52.89571;-15.71827;11529.87004;0.332;adults;adults;12.435;Adult5;yes;vdt;en l'air
A_mexicanum_indusa2_pd_capture_aq_seq3_vdt_cropped;1.885952;0.053;73.40325;0.052;0.153;61.5136;4565.366432;-46.5242;1998.943536;174.3728;0.045;0;0.6817288;0.064;0.374;26.86892;-11.04785;2489.472274;0.018;0.5789024;0.133;0.524;19.12669;-10.96855;2738.391964;0.542;adults;adults;12.435;Adult5;no;vdt;en l'air
A_mexicanum_indusa2_pd_capture_aq_seq4_vdt_cropped;1.748773;0.042;86.12562;0.038;0.085;64.38055;18049.68502;-73.32121;7064.121124;167.0851;0.04;0.009;0.5866377;0.04;0.46;35.84059;-7.253029;3171.242223;0.011;0.5213894;0.045;0.337;28.65703;-9.945399;2308.873385;0.469;adults;adults;12.435;Adult5;yes;vdt;en l'air
A_mexicanum_indusa2_pd_capture_aq_seq5_good_vdt_cropped;1.752193;0.053;72.27175;0.055;0.119;66.5619;6773.80934;-71.77789;4246.809987;177.7511;0.06;0.01;0.6918573;0.045;0.757;37.04937;-8.150855;3430.364126;-0.004;0.8439816;0.064;0.413;23.40404;-7.13858;3430.364126;0.409;adults;adults;12.435;Adult5;yes;vdt;en l'air
A_mexicanum_Cam_20788_CineF17_cropped;1.761955; 0.029;65.88169;0.029;0.068; 110.1275;28035.23;-81.31772;20474.18;155.3575;0.029;0.001;0.8033419;0.023;0.253;87.59198; -40.49794;19424.02;0.002;0.8406138; 0.029;0.26;89.43482;-63.7977; 20285.68;0.262;adults;adults;14.4642857142857;Adult1;yes;vdt;en l'air
A_mexicanum_Cam_20788_CineF18_cropped;1.628147;0.058;61.07124;0.057; 0.109;75.1994; 13164.59;-95.36891; 9283.439;159.8629;0.061;-0.006;0.5645812;0.238;0.397; 28.61473;-10.63784;6098.043;-0.004;1.002826;0.059;0.294;44.35996; -20.0296;8127.515;0.391;adults;adults;14.4642857142857;Adult1;yes;vdt;en l'air
A_mexicanum_Cam_20788_CineF19_shaking_prey_cropped;1.433716;0.047;73.70736;0.048;0.084;80.16137; 8153.179;-62.22804;6391.66;154.7805;0.05; 0.017;1.119309;0.451;0.709; 47.03638; -9.777128;6411.249;0.002;0.737152; 0.045;0.656;42.70343;-23.46691;4687.667; 0.726;adults;adults;14.4642857142857;Adult1;yes;vdt;en l'air
A_mexicanum_Cam_20788_CineF20_shaking_prey_cropped; 1.804746;0.037;69.21042; 0.037;0.075;94.47392;13806.04;-87.33785;12507.93;156.9333;0.035;0.004;0.8128257;0.027;0.25;68.39612;-30.63951;12332.65;0.012;0.8720848;0.033;0.251;66.78443;-33.75178;13007.01;0.263;adults;adults;14.4642857142857;Adult1;yes;vdt;en l'air
A_mexicanum_Cam_20788_CineF21_shaking_prey_cropped;1.126312;0.036;47.81358; 0.036;0.063;69.80997;11381.67;-61.98375;9009.902; 139.0651;0.026;0.009;0.4399618;0.08;0.225;21.86048;-13.23584; 5491.378;-0.001;0.819437;0.068;0.362;38.74382;-30.91776;9425.303;0.361;adults;adults;14.4642857142857;Adult1;yes;vdt;en l'air
A_mexicanum_Cam_20788_CineF22_shaking_prey_cropped;1.890561; 0.039;66.74584;0.046;0.076;80.63547;13163.78;-90.10209;11944.34;135.3516;0.026;-0.001;0.8247407;0.04;0.359;43.17087; -18.72833;8057.698;-0.004;1.118327;0.057; 0.384;38.24696;-32.1717;3989.609;0.38;adults;adults;14.4642857142857;Adult1;yes;vdt;en l'air
A_mexicanum_Cam_20788_CineF23_shaking_prey_cropped;1.610637;0.033;79.67778;0.033;0.059;95.73667;23254.7;-94.78133;17517.95;140.5182;0.019;0.013;0.5036684;0.039; 0.308;36.50344;-45.90526;6738.474;0.001;1.291711;0.05; 0.322;64.57898;-62.05987;13387.43; 0.323;adults;adults;14.4642857142857;Adult1;yes;vdt;en l'air
